我歌4声量,,,我歌4互动量,,,我歌4正面比例,,,我歌4负面比例,,,我歌4情感指数,,,我歌4受众省份,,,我歌4受众城市,,,伊利/全网份额,,,金典/全网份额,,,《我是歌手4》&金典正面比例,,,,《我是歌手4》&金典情感指数,,,,《我是歌手4》&伊利负面比例,
行标签,求和项:声量,,行标签,求和项:互动量,,行标签,正面比例,,行标签,负面比例,,行标签,情感指数,,行标签,求和项:用户计算,,行标签,求和项:用户计算,,行标签,声量份额,,行标签,声量份额,,行标签,正面比例,,,行标签,情感指数,,,行标签,负面比例
北京,11072,,北京,834071,,北京,0.893966763,,北京,0.106033237,,北京,78.7933526,,北京,20545,,阿里,15,,宁夏,0.051813472,,西藏,0.166666667,,北京,0.991097923,,,北京,98.21958457,,,北京,0%
福建,3855,,福建,11614,,福建,0.904280156,,福建,0.095719844,,福建,80.85603113,,福建,7321,,安徽,279,,上海,0.050939664,,新疆,0.129834254,,福建,0.990654206,,,福建,98.13084112,,,广东,0%
安徽,3083,,安徽,6554,,安徽,0.91469348,,安徽,0.08530652,,安徽,82.93869608,,安徽,5287,,阿勒泰,24,,青海,0.071428571,,湖南,0.172995781,,安徽,0.987654321,,,安徽,97.5308642,,,安徽,0%
广西,2443,,广西,2287,,广西,0.910765452,,广西,0.089234548,,广西,82.15309046,,广西,4555,,安顺,88,,山东,0.037889039,,吉林,0.122473246,,广西,1,,,广西,100,,,内蒙古,0%
贵州,1655,,贵州,2062,,贵州,0.922054381,,贵州,0.077945619,,贵州,84.41087613,,贵州,3182,,安阳,216,,河南,0.035759361,,青海,0.119047619,,贵州,1,,,贵州,100,,,青海,0%
甘肃,1138,,甘肃,1503,,甘肃,0.910369069,,甘肃,0.089630931,,甘肃,82.07381371,,甘肃,2109,,安康,43,,新疆,0.046961326,,甘肃,0.125,,甘肃,0.972972973,,,甘肃,94.59459459,,,广西,0%
海南,617,,海南,570,,海南,0.912479741,,海南,0.087520259,,海南,82.49594814,,海南,1180,,鞍山,249,,河北,0.035757576,,天津,0.113520408,,海南,1,,,海南,100,,,上海,0%
广东,15885,,广东,57560,,广东,0.925212465,,广东,0.074787535,,广东,85.04249292,,广东,28150,,安庆,154,,北京,0.044263546,,内蒙古,0.124087591,,广东,0.991614256,,,广东,98.32285115,,,湖南,50%
湖南,8762,,湖南,428688,,湖南,0.905272769,,湖南,0.094727231,,湖南,81.05455375,,湖南,16045,,白银,35,,内蒙古,0.02919708,,宁夏,0.098445596,,湖南,0.98679868,,,湖南,97.35973597,,,,
上海,5514,,上海,37187,,上海,0.906420022,,上海,0.093579978,,上海,81.28400435,,上海,9573,,沧州,218,,湖北,0.019769357,,云南,0.075739645,,上海,0.971014493,,,上海,94.20289855,,,,
浙江,7036,,浙江,31912,,浙江,0.900653781,,浙江,0.099346219,,浙江,80.13075611,,浙江,13147,,朝阳区,2271,,重庆,0.013320178,,江西,0.066460587,,浙江,0.990909091,,,浙江,98.18181818,,,,
四川,8261,,四川,21928,,四川,0.910543518,,四川,0.089456482,,四川,82.10870355,,四川,14861,,昌都,4,,福建,0.019407559,,广西,0.072416599,,四川,0.988188976,,,四川,97.63779528,,,,
江苏,7855,,江苏,12442,,江苏,0.888351369,,江苏,0.111648631,,江苏,77.67027371,,江苏,14366,,蚌埠,130,,天津,0.026785714,,安徽,0.093112245,,江苏,0.991631799,,,江苏,98.32635983,,,,
湖北,5526,,湖北,12373,,湖北,0.899022801,,湖北,0.100977199,,湖北,79.80456026,,湖北,10199,,白山,73,,浙江,0.030067895,,北京,0.100483338,,湖北,0.994011976,,,湖北,98.80239521,,,,
辽宁,5193,,辽宁,9279,,辽宁,0.892162526,,辽宁,0.107837474,,辽宁,78.4325053,,辽宁,9404,,宝鸡,143,,黑龙江,0.025067144,,贵州,0.091939547,,辽宁,0.992907801,,,辽宁,98.58156028,,,,
黑龙江,3452,,黑龙江,8973,,黑龙江,0.896581692,,黑龙江,0.103418308,,黑龙江,79.31633835,,黑龙江,6417,,白城,73,,甘肃,0.033018868,,辽宁,0.103125,,黑龙江,0.992366412,,,黑龙江,98.47328244,,,,
山东,6558,,山东,8733,,山东,0.899512046,,山东,0.100487954,,山东,79.90240927,,山东,11479,,北京,2131,,云南,0.022485207,,山西,0.080470163,,山东,0.988188976,,,山东,97.63779528,,,,
重庆,3671,,重庆,7288,,重庆,0.914192318,,重庆,0.085807682,,重庆,82.83846363,,重庆,6362,,郴州,218,,贵州,0.010075567,,河南,0.060159865,,重庆,0.993006993,,,重庆,98.6013986,,,,
吉林,2405,,吉林,6000,,吉林,0.895634096,,吉林,0.104365904,,吉林,79.12681913,,吉林,4581,,百色,70,,安徽,0.028061224,,山东,0.093369418,,吉林,0.98,,,吉林,96,,,,
河南,4817,,河南,5691,,河南,0.908449242,,河南,0.091550758,,河南,81.68984845,,河南,8404,,巴音郭楞,68,,辽宁,0.033125,,黑龙江,0.105640107,,河南,0.990990991,,,河南,98.1981982,,,,
陕西,3377,,陕西,5076,,陕西,0.893100385,,陕西,0.106899615,,陕西,78.62007699,,陕西,6385,,滨海新区,2652,,湖南,0.020042194,,海南,0.078534031,,陕西,0.99,,,陕西,98,,,,
河北,3827,,河北,4908,,河北,0.907238045,,河北,0.092761955,,河北,81.44760909,,河北,7054,,巴彦淖尔盟,68,,西藏,0.033333333,,四川,0.112,,河北,0.984375,,,河北,96.875,,,,
天津,2587,,天津,3944,,天津,0.905295709,,天津,0.094704291,,天津,81.05914186,,天津,4547,,昌吉,61,,四川,0.019130435,,广东,0.071747061,,天津,0.9875,,,天津,97.5,,,,
山西,2582,,山西,3241,,山西,0.908210689,,山西,0.091789311,,山西,81.64213788,,山西,4796,,毕节,72,,陕西,0.022406639,,浙江,0.0785645,,山西,1,,,山西,100,,,,
江西,2358,,江西,2602,,江西,0.908821035,,江西,0.091178965,,江西,81.76420696,,江西,4347,,包头,202,,山西,0.025316456,,陕西,0.092116183,,江西,1,,,江西,100,,,,
内蒙古,2013,,内蒙古,1860,,内蒙古,0.928464978,,内蒙古,0.071535022,,内蒙古,85.69299553,,内蒙古,3746,,保定,473,,吉林,0.023781213,,湖北,0.08841296,,内蒙古,1,,,内蒙古,100,,,,
云南,1981,,云南,1306,,云南,0.914689551,,云南,0.085310449,,云南,82.93791015,,云南,3554,,常州,458,,广西,0.014646054,,福建,0.06741573,,云南,0.97826087,,,云南,95.65217391,,,,
新疆,1013,,新疆,1216,,新疆,0.903257651,,新疆,0.096742349,,新疆,80.65153011,,新疆,1838,,常德,344,,江西,0.014683153,,重庆,0.067587568,,新疆,0.979591837,,,新疆,95.91836735,,,,
青海,353,,青海,687,,青海,0.932011331,,青海,0.067988669,,青海,86.40226629,,青海,688,,北海,73,,江苏,0.023458647,,江苏,0.081203008,,青海,1,,,青海,100,,,,
宁夏,419,,宁夏,314,,宁夏,0.885441527,,宁夏,0.114558473,,宁夏,77.08830549,,宁夏,804,,北碚区,95,,海南,0.023560209,,上海,0.088031652,,宁夏,1,,,宁夏,100,,,,
西藏,167,,西藏,219,,西藏,0.880239521,,西藏,0.119760479,,西藏,76.04790419,,西藏,323,,昌平区,235,,广东,0.015943791,,河北,0.069090909,,西藏,1,,,西藏,100,,,,
,,,,,,,,,,,,,,,,,,成都,4417,,,,,,,,,,,,总计,,,,,
,,,,,,,,,,,,,,,,,,赤峰,186,,,,,,,,,,,,,,,,,
,,,,,,,,,,,,,,,,,,楚雄,65,,,,,,,,,,,,,,,,,
,,,,,,,,,,,,,,,,,,达州,139,,,,,,,,,,,,,,,,,
,,,,,,,,,,,,,,,,,,大理,132,,,,,,,,,,,,,,,,,
,,,,,,,,,,,,,,,,,,大连,1054,,,,,,,,,,,,,,,,,
,,,,,,,,,,,,,,,,,,大庆,307,,,,,,,,,,,,,,,,,
,,,,,,,,,,,,,,,,,,大同,163,,,,,,,,,,,,,,,,,
,,,,,,,,,,,,,,,,,,大兴区,166,,,,,,,,,,,,,,,,,
,,,,,,,,,,,,,,,,,,丹东,153,,,,,,,,,,,,,,,,,
,,,,,,,,,,,,,,,,,,德阳,236,,,,,,,,,,,,,,,,,
,,,,,,,,,,,,,,,,,,东城区,1801,,,,,,,,,,,,,,,,,
,,,,,,,,,,,,,,,,,,东莞,730,,,,,,,,,,,,,,,,,
,,,,,,,,,,,,,,,,,,鄂尔多斯,149,,,,,,,,,,,,,,,,,
,,,,,,,,,,,,,,,,,,恩施土家族苗族自治州,118,,,,,,,,,,,,,,,,,
,,,,,,,,,,,,,,,,,,丰台区,267,,,,,,,,,,,,,,,,,
,,,,,,,,,,,,,,,,,,佛山,998,,,,,,,,,,,,,,,,,
,,,,,,,,,,,,,,,,,,福建,290,,,,,,,,,,,,,,,,,
,,,,,,,,,,,,,,,,,,福州,908,,,,,,,,,,,,,,,,,
,,,,,,,,,,,,,,,,,,抚顺,155,,,,,,,,,,,,,,,,,
,,,,,,,,,,,,,,,,,,抚州,2098,,,,,,,,,,,,,,,,,
,,,,,,,,,,,,,,,,,,阜阳,177,,,,,,,,,,,,,,,,,
,,,,,,,,,,,,,,,,,,甘肃,62,,,,,,,,,,,,,,,,,
,,,,,,,,,,,,,,,,,,赣州,223,,,,,,,,,,,,,,,,,
,,,,,,,,,,,,,,,,,,固原,18,,,,,,,,,,,,,,,,,
,,,,,,,,,,,,,,,,,,广东,998,,,,,,,,,,,,,,,,,
,,,,,,,,,,,,,,,,,,广西,179,,,,,,,,,,,,,,,,,
,,,,,,,,,,,,,,,,,,广州,4815,,,,,,,,,,,,,,,,,
,,,,,,,,,,,,,,,,,,贵阳,625,,,,,,,,,,,,,,,,,
,,,,,,,,,,,,,,,,,,贵州,114,,,,,,,,,,,,,,,,,
,,,,,,,,,,,,,,,,,,桂林,297,,,,,,,,,,,,,,,,,
,,,,,,,,,,,,,,,,,,果洛,6,,,,,,,,,,,,,,,,,
,,,,,,,,,,,,,,,,,,哈尔滨,1612,,,,,,,,,,,,,,,,,
,,,,,,,,,,,,,,,,,,哈密,21,,,,,,,,,,,,,,,,,
,,,,,,,,,,,,,,,,,,海北,7,,,,,,,,,,,,,,,,,
,,,,,,,,,,,,,,,,,,海淀区,1942,,,,,,,,,,,,,,,,,
,,,,,,,,,,,,,,,,,,海东,21,,,,,,,,,,,,,,,,,
,,,,,,,,,,,,,,,,,,海口,330,,,,,,,,,,,,,,,,,
,,,,,,,,,,,,,,,,,,海南,75,,,,,,,,,,,,,,,,,
,,,,,,,,,,,,,,,,,,海南 海口,3,,,,,,,,,,,,,,,,,
,,,,,,,,,,,,,,,,,,海南 其他,420,,,,,,,,,,,,,,,,,
,,,,,,,,,,,,,,,,,,海南 三亚,1,,,,,,,,,,,,,,,,,
,,,,,,,,,,,,,,,,,,海西,30,,,,,,,,,,,,,,,,,
,,,,,,,,,,,,,,,,,,邯郸,257,,,,,,,,,,,,,,,,,
,,,,,,,,,,,,,,,,,,汉中,99,,,,,,,,,,,,,,,,,
,,,,,,,,,,,,,,,,,,杭州,1979,,,,,,,,,,,,,,,,,
,,,,,,,,,,,,,,,,,,合川区,3522,,,,,,,,,,,,,,,,,
,,,,,,,,,,,,,,,,,,合肥,843,,,,,,,,,,,,,,,,,
,,,,,,,,,,,,,,,,,,和平区,232,,,,,,,,,,,,,,,,,
,,,,,,,,,,,,,,,,,,河北,258,,,,,,,,,,,,,,,,,
,,,,,,,,,,,,,,,,,,河北区,77,,,,,,,,,,,,,,,,,
,,,,,,,,,,,,,,,,,,河池,65,,,,,,,,,,,,,,,,,
,,,,,,,,,,,,,,,,,,河东区,142,,,,,,,,,,,,,,,,,
,,,,,,,,,,,,,,,,,,河南,313,,,,,,,,,,,,,,,,,
,,,,,,,,,,,,,,,,,,河西区,195,,,,,,,,,,,,,,,,,
,,,,,,,,,,,,,,,,,,黑河,72,,,,,,,,,,,,,,,,,
,,,,,,,,,,,,,,,,,,黑龙江,212,,,,,,,,,,,,,,,,,
,,,,,,,,,,,,,,,,,,衡阳,384,,,,,,,,,,,,,,,,,
,,,,,,,,,,,,,,,,,,红河,83,,,,,,,,,,,,,,,,,
,,,,,,,,,,,,,,,,,,红桥区,82,,,,,,,,,,,,,,,,,
,,,,,,,,,,,,,,,,,,虹口区,206,,,,,,,,,,,,,,,,,
,,,,,,,,,,,,,,,,,,呼和浩特,461,,,,,,,,,,,,,,,,,
,,,,,,,,,,,,,,,,,,呼伦贝尔,184,,,,,,,,,,,,,,,,,
,,,,,,,,,,,,,,,,,,葫芦岛,175,,,,,,,,,,,,,,,,,
,,,,,,,,,,,,,,,,,,湖北,429,,,,,,,,,,,,,,,,,
,,,,,,,,,,,,,,,,,,湖南,733,,,,,,,,,,,,,,,,,
,,,,,,,,,,,,,,,,,,湖州,219,,,,,,,,,,,,,,,,,
,,,,,,,,,,,,,,,,,,怀化,206,,,,,,,,,,,,,,,,,
,,,,,,,,,,,,,,,,,,淮南,2688,,,,,,,,,,,,,,,,,
,,,,,,,,,,,,,,,,,,黄冈,115,,,,,,,,,,,,,,,,,
,,,,,,,,,,,,,,,,,,黄南,6,,,,,,,,,,,,,,,,,
,,,,,,,,,,,,,,,,,,黄浦区,530,,,,,,,,,,,,,,,,,
,,,,,,,,,,,,,,,,,,惠州,400,,,,,,,,,,,,,,,,,
,,,,,,,,,,,,,,,,,,鸡西,69,,,,,,,,,,,,,,,,,
,,,,,,,,,,,,,,,,,,吉安,91,,,,,,,,,,,,,,,,,
,,,,,,,,,,,,,,,,,,吉林,448,,,,,,,,,,,,,,,,,
,,,,,,,,,,,,,,,,,,吉林 长春,2366,,,,,,,,,,,,,,,,,
,,,,,,,,,,,,,,,,,,济南,1105,,,,,,,,,,,,,,,,,
,,,,,,,,,,,,,,,,,,济宁,305,,,,,,,,,,,,,,,,,
,,,,,,,,,,,,,,,,,,佳木斯,136,,,,,,,,,,,,,,,,,
,,,,,,,,,,,,,,,,,,嘉兴,544,,,,,,,,,,,,,,,,,
,,,,,,,,,,,,,,,,,,江北区,213,,,,,,,,,,,,,,,,,
,,,,,,,,,,,,,,,,,,江门,495,,,,,,,,,,,,,,,,,
,,,,,,,,,,,,,,,,,,江苏,588,,,,,,,,,,,,,,,,,
,,,,,,,,,,,,,,,,,,江西,157,,,,,,,,,,,,,,,,,
,,,,,,,,,,,,,,,,,,焦作,180,,,,,,,,,,,,,,,,,
,,,,,,,,,,,,,,,,,,金华,391,,,,,,,,,,,,,,,,,
,,,,,,,,,,,,,,,,,,锦州,192,,,,,,,,,,,,,,,,,
,,,,,,,,,,,,,,,,,,晋城,129,,,,,,,,,,,,,,,,,
,,,,,,,,,,,,,,,,,,晋中,171,,,,,,,,,,,,,,,,,
,,,,,,,,,,,,,,,,,,荆门,5618,,,,,,,,,,,,,,,,,
,,,,,,,,,,,,,,,,,,荆州,216,,,,,,,,,,,,,,,,,
,,,,,,,,,,,,,,,,,,静安区,194,,,,,,,,,,,,,,,,,
,,,,,,,,,,,,,,,,,,九江,194,,,,,,,,,,,,,,,,,
,,,,,,,,,,,,,,,,,,九龙坡区,183,,,,,,,,,,,,,,,,,
,,,,,,,,,,,,,,,,,,酒泉,26,,,,,,,,,,,,,,,,,
,,,,,,,,,,,,,,,,,,克拉玛依,32,,,,,,,,,,,,,,,,,
,,,,,,,,,,,,,,,,,,昆明,826,,,,,,,,,,,,,,,,,
,,,,,,,,,,,,,,,,,,拉萨,60,,,,,,,,,,,,,,,,,
,,,,,,,,,,,,,,,,,,兰州,572,,,,,,,,,,,,,,,,,
,,,,,,,,,,,,,,,,,,廊坊,217,,,,,,,,,,,,,,,,,
,,,,,,,,,,,,,,,,,,乐山,179,,,,,,,,,,,,,,,,,
,,,,,,,,,,,,,,,,,,丽江,54,,,,,,,,,,,,,,,,,
,,,,,,,,,,,,,,,,,,丽水,6686,,,,,,,,,,,,,,,,,
,,,,,,,,,,,,,,,,,,辽宁,284,,,,,,,,,,,,,,,,,
,,,,,,,,,,,,,,,,,,辽源,44,,,,,,,,,,,,,,,,,
,,,,,,,,,,,,,,,,,,林芝,16,,,,,,,,,,,,,,,,,
,,,,,,,,,,,,,,,,,,临汾,158,,,,,,,,,,,,,,,,,
,,,,,,,,,,,,,,,,,,临沂,327,,,,,,,,,,,,,,,,,
,,,,,,,,,,,,,,,,,,柳州,247,,,,,,,,,,,,,,,,,
,,,,,,,,,,,,,,,,,,六安,104,,,,,,,,,,,,,,,,,
,,,,,,,,,,,,,,,,,,六盘水,57,,,,,,,,,,,,,,,,,
,,,,,,,,,,,,,,,,,,龙岩,139,,,,,,,,,,,,,,,,,
,,,,,,,,,,,,,,,,,,陇南,44,,,,,,,,,,,,,,,,,
,,,,,,,,,,,,,,,,,,泸州,187,,,,,,,,,,,,,,,,,
,,,,,,,,,,,,,,,,,,路环,166,,,,,,,,,,,,,,,,,
,,,,,,,,,,,,,,,,,,洛阳,442,,,,,,,,,,,,,,,,,
,,,,,,,,,,,,,,,,,,吕梁,2531,,,,,,,,,,,,,,,,,
,,,,,,,,,,,,,,,,,,马鞍山,106,,,,,,,,,,,,,,,,,
,,,,,,,,,,,,,,,,,,马来西亚,7033,,,,,,,,,,,,,,,,,
,,,,,,,,,,,,,,,,,,绵阳,401,,,,,,,,,,,,,,,,,
,,,,,,,,,,,,,,,,,,闵行区,263,,,,,,,,,,,,,,,,,
,,,,,,,,,,,,,,,,,,牡丹江,139,,,,,,,,,,,,,,,,,
,,,,,,,,,,,,,,,,,,那曲,11,,,,,,,,,,,,,,,,,
,,,,,,,,,,,,,,,,,,南岸区,301,,,,,,,,,,,,,,,,,
,,,,,,,,,,,,,,,,,,南昌,749,,,,,,,,,,,,,,,,,
,,,,,,,,,,,,,,,,,,南充,256,,,,,,,,,,,,,,,,,
,,,,,,,,,,,,,,,,,,南京,2063,,,,,,,,,,,,,,,,,
,,,,,,,,,,,,,,,,,,南开区,319,,,,,,,,,,,,,,,,,
,,,,,,,,,,,,,,,,,,南宁,929,,,,,,,,,,,,,,,,,
,,,,,,,,,,,,,,,,,,南平,164,,,,,,,,,,,,,,,,,
,,,,,,,,,,,,,,,,,,南通,435,,,,,,,,,,,,,,,,,
,,,,,,,,,,,,,,,,,,南阳,219,,,,,,,,,,,,,,,,,
,,,,,,,,,,,,,,,,,,内蒙古,258,,,,,,,,,,,,,,,,,
,,,,,,,,,,,,,,,,,,宁波,831,,,,,,,,,,,,,,,,,
,,,,,,,,,,,,,,,,,,宁德,121,,,,,,,,,,,,,,,,,
,,,,,,,,,,,,,,,,,,宁夏,34,,,,,,,,,,,,,,,,,
,,,,,,,,,,,,,,,,,,平顶山,3984,,,,,,,,,,,,,,,,,
,,,,,,,,,,,,,,,,,,平凉,46,,,,,,,,,,,,,,,,,
,,,,,,,,,,,,,,,,,,萍乡,96,,,,,,,,,,,,,,,,,
,,,,,,,,,,,,,,,,,,莆田,154,,,,,,,,,,,,,,,,,
,,,,,,,,,,,,,,,,,,浦东新区,794,,,,,,,,,,,,,,,,,
,,,,,,,,,,,,,,,,,,普陀区,230,,,,,,,,,,,,,,,,,
,,,,,,,,,,,,,,,,,,齐齐哈尔,235,,,,,,,,,,,,,,,,,
,,,,,,,,,,,,,,,,,,其他,15927,,,,,,,,,,,,,,,,,
,,,,,,,,,,,,,,,,,,黔东南,91,,,,,,,,,,,,,,,,,
,,,,,,,,,,,,,,,,,,黔南,72,,,,,,,,,,,,,,,,,
,,,,,,,,,,,,,,,,,,黔西南,1173,,,,,,,,,,,,,,,,,
,,,,,,,,,,,,,,,,,,钦州,2462,,,,,,,,,,,,,,,,,
,,,,,,,,,,,,,,,,,,秦皇岛,250,,,,,,,,,,,,,,,,,
,,,,,,,,,,,,,,,,,,青岛,1173,,,,,,,,,,,,,,,,,
,,,,,,,,,,,,,,,,,,青海,36,,,,,,,,,,,,,,,,,
,,,,,,,,,,,,,,,,,,青海 西宁,3,,,,,,,,,,,,,,,,,
,,,,,,,,,,,,,,,,,,庆阳,51,,,,,,,,,,,,,,,,,
,,,,,,,,,,,,,,,,,,曲靖,87,,,,,,,,,,,,,,,,,
,,,,,,,,,,,,,,,,,,泉州,615,,,,,,,,,,,,,,,,,
,,,,,,,,,,,,,,,,,,日喀则,12,,,,,,,,,,,,,,,,,
,,,,,,,,,,,,,,,,,,三明,3940,,,,,,,,,,,,,,,,,
,,,,,,,,,,,,,,,,,,三亚,103,,,,,,,,,,,,,,,,,
,,,,,,,,,,,,,,,,,,沙坪坝区,310,,,,,,,,,,,,,,,,,
,,,,,,,,,,,,,,,,,,厦门,742,,,,,,,,,,,,,,,,,
,,,,,,,,,,,,,,,,,,山东,380,,,,,,,,,,,,,,,,,
,,,,,,,,,,,,,,,,,,山南,9,,,,,,,,,,,,,,,,,
,,,,,,,,,,,,,,,,,,山西,225,,,,,,,,,,,,,,,,,
,,,,,,,,,,,,,,,,,,陕西,197,,,,,,,,,,,,,,,,,
,,,,,,,,,,,,,,,,,,汕头,630,,,,,,,,,,,,,,,,,
,,,,,,,,,,,,,,,,,,上海,940,,,,,,,,,,,,,,,,,
,,,,,,,,,,,,,,,,,,上饶,159,,,,,,,,,,,,,,,,,
,,,,,,,,,,,,,,,,,,邵阳,8451,,,,,,,,,,,,,,,,,
,,,,,,,,,,,,,,,,,,绍兴,394,,,,,,,,,,,,,,,,,
,,,,,,,,,,,,,,,,,,深圳,2523,,,,,,,,,,,,,,,,,
,,,,,,,,,,,,,,,,,,沈阳,1665,,,,,,,,,,,,,,,,,
,,,,,,,,,,,,,,,,,,十堰,129,,,,,,,,,,,,,,,,,
,,,,,,,,,,,,,,,,,,石河子,638,,,,,,,,,,,,,,,,,
,,,,,,,,,,,,,,,,,,石家庄,807,,,,,,,,,,,,,,,,,
,,,,,,,,,,,,,,,,,,石景山区,8883,,,,,,,,,,,,,,,,,
,,,,,,,,,,,,,,,,,,石嘴山,47,,,,,,,,,,,,,,,,,
,,,,,,,,,,,,,,,,,,双鸭山,3432,,,,,,,,,,,,,,,,,
,,,,,,,,,,,,,,,,,,四川,493,,,,,,,,,,,,,,,,,
,,,,,,,,,,,,,,,,,,四平,98,,,,,,,,,,,,,,,,,
,,,,,,,,,,,,,,,,,,松原,70,,,,,,,,,,,,,,,,,
,,,,,,,,,,,,,,,,,,苏州,1202,,,,,,,,,,,,,,,,,
,,,,,,,,,,,,,,,,,,绥化,126,,,,,,,,,,,,,,,,,
,,,,,,,,,,,,,,,,,,遂宁,7990,,,,,,,,,,,,,,,,,
,,,,,,,,,,,,,,,,,,塔城,23,,,,,,,,,,,,,,,,,
,,,,,,,,,,,,,,,,,,台州,366,,,,,,,,,,,,,,,,,
,,,,,,,,,,,,,,,,,,太原,836,,,,,,,,,,,,,,,,,
,,,,,,,,,,,,,,,,,,泰安,260,,,,,,,,,,,,,,,,,
,,,,,,,,,,,,,,,,,,唐山,450,,,,,,,,,,,,,,,,,
,,,,,,,,,,,,,,,,,,塘沽区,107,,,,,,,,,,,,,,,,,
,,,,,,,,,,,,,,,,,,天津,612,,,,,,,,,,,,,,,,,
,,,,,,,,,,,,,,,,,,天水,76,,,,,,,,,,,,,,,,,
,,,,,,,,,,,,,,,,,,铁岭,4926,,,,,,,,,,,,,,,,,
,,,,,,,,,,,,,,,,,,通化,119,,,,,,,,,,,,,,,,,
,,,,,,,,,,,,,,,,,,通辽,102,,,,,,,,,,,,,,,,,
,,,,,,,,,,,,,,,,,,通州区,159,,,,,,,,,,,,,,,,,
,,,,,,,,,,,,,,,,,,铜川,3112,,,,,,,,,,,,,,,,,
,,,,,,,,,,,,,,,,,,铜仁,77,,,,,,,,,,,,,,,,,
,,,,,,,,,,,,,,,,,,万州区,334,,,,,,,,,,,,,,,,,
,,,,,,,,,,,,,,,,,,威海,5718,,,,,,,,,,,,,,,,,
,,,,,,,,,,,,,,,,,,潍坊,417,,,,,,,,,,,,,,,,,
,,,,,,,,,,,,,,,,,,渭南,118,,,,,,,,,,,,,,,,,
,,,,,,,,,,,,,,,,,,温州,838,,,,,,,,,,,,,,,,,
,,,,,,,,,,,,,,,,,,文山,1698,,,,,,,,,,,,,,,,,
,,,,,,,,,,,,,,,,,,乌鲁木齐,428,,,,,,,,,,,,,,,,,
,,,,,,,,,,,,,,,,,,无锡,686,,,,,,,,,,,,,,,,,
,,,,,,,,,,,,,,,,,,芜湖,188,,,,,,,,,,,,,,,,,
,,,,,,,,,,,,,,,,,,吴忠,31,,,,,,,,,,,,,,,,,
,,,,,,,,,,,,,,,,,,梧州,92,,,,,,,,,,,,,,,,,
,,,,,,,,,,,,,,,,,,武汉,3042,,,,,,,,,,,,,,,,,
,,,,,,,,,,,,,,,,,,武威,24,,,,,,,,,,,,,,,,,
,,,,,,,,,,,,,,,,,,西安,1975,,,,,,,,,,,,,,,,,
,,,,,,,,,,,,,,,,,,西藏,29,,,,,,,,,,,,,,,,,
,,,,,,,,,,,,,,,,,,西藏 日喀则,1,,,,,,,,,,,,,,,,,
,,,,,,,,,,,,,,,,,,西城区,389,,,,,,,,,,,,,,,,,
,,,,,,,,,,,,,,,,,,西宁,208,,,,,,,,,,,,,,,,,
,,,,,,,,,,,,,,,,,,西青区,123,,,,,,,,,,,,,,,,,
,,,,,,,,,,,,,,,,,,西双版纳,47,,,,,,,,,,,,,,,,,
,,,,,,,,,,,,,,,,,,锡林郭勒盟,82,,,,,,,,,,,,,,,,,
,,,,,,,,,,,,,,,,,,咸阳,225,,,,,,,,,,,,,,,,,
,,,,,,,,,,,,,,,,,,湘潭,327,,,,,,,,,,,,,,,,,
,,,,,,,,,,,,,,,,,,襄阳,146,,,,,,,,,,,,,,,,,
,,,,,,,,,,,,,,,,,,孝感,112,,,,,,,,,,,,,,,,,
,,,,,,,,,,,,,,,,,,新疆,87,,,,,,,,,,,,,,,,,
,,,,,,,,,,,,,,,,,,新乡,261,,,,,,,,,,,,,,,,,
,,,,,,,,,,,,,,,,,,信阳,159,,,,,,,,,,,,,,,,,
,,,,,,,,,,,,,,,,,,邢台,3813,,,,,,,,,,,,,,,,,
,,,,,,,,,,,,,,,,,,兴安盟,2021,,,,,,,,,,,,,,,,,
,,,,,,,,,,,,,,,,,,徐汇区,426,,,,,,,,,,,,,,,,,
,,,,,,,,,,,,,,,,,,徐州,366,,,,,,,,,,,,,,,,,
,,,,,,,,,,,,,,,,,,许昌,136,,,,,,,,,,,,,,,,,
,,,,,,,,,,,,,,,,,,宣城,121,,,,,,,,,,,,,,,,,
,,,,,,,,,,,,,,,,,,烟台,428,,,,,,,,,,,,,,,,,
,,,,,,,,,,,,,,,,,,延安,76,,,,,,,,,,,,,,,,,
,,,,,,,,,,,,,,,,,,延边朝鲜族自治州,130,,,,,,,,,,,,,,,,,
,,,,,,,,,,,,,,,,,,盐城,224,,,,,,,,,,,,,,,,,
,,,,,,,,,,,,,,,,,,扬州,286,,,,,,,,,,,,,,,,,
,,,,,,,,,,,,,,,,,,阳泉,104,,,,,,,,,,,,,,,,,
,,,,,,,,,,,,,,,,,,杨浦区,292,,,,,,,,,,,,,,,,,
,,,,,,,,,,,,,,,,,,伊犁,60,,,,,,,,,,,,,,,,,
,,,,,,,,,,,,,,,,,,宜宾,157,,,,,,,,,,,,,,,,,
,,,,,,,,,,,,,,,,,,宜昌,265,,,,,,,,,,,,,,,,,
,,,,,,,,,,,,,,,,,,宜春,141,,,,,,,,,,,,,,,,,
,,,,,,,,,,,,,,,,,,银川,247,,,,,,,,,,,,,,,,,
,,,,,,,,,,,,,,,,,,鹰潭,96,,,,,,,,,,,,,,,,,
,,,,,,,,,,,,,,,,,,营口,180,,,,,,,,,,,,,,,,,
,,,,,,,,,,,,,,,,,,渝北区,242,,,,,,,,,,,,,,,,,
,,,,,,,,,,,,,,,,,,渝中区,204,,,,,,,,,,,,,,,,,
,,,,,,,,,,,,,,,,,,榆林,106,,,,,,,,,,,,,,,,,
,,,,,,,,,,,,,,,,,,玉林,103,,,,,,,,,,,,,,,,,
,,,,,,,,,,,,,,,,,,玉树,8,,,,,,,,,,,,,,,,,
,,,,,,,,,,,,,,,,,,玉溪,92,,,,,,,,,,,,,,,,,
,,,,,,,,,,,,,,,,,,岳阳,424,,,,,,,,,,,,,,,,,
,,,,,,,,,,,,,,,,,,云南,145,,,,,,,,,,,,,,,,,
,,,,,,,,,,,,,,,,,,运城,178,,,,,,,,,,,,,,,,,
,,,,,,,,,,,,,,,,,,张家口,155,,,,,,,,,,,,,,,,,
,,,,,,,,,,,,,,,,,,张掖,35,,,,,,,,,,,,,,,,,
,,,,,,,,,,,,,,,,,,彰化县,1013,,,,,,,,,,,,,,,,,
,,,,,,,,,,,,,,,,,,漳州,223,,,,,,,,,,,,,,,,,
,,,,,,,,,,,,,,,,,,长春,1111,,,,,,,,,,,,,,,,,
,,,,,,,,,,,,,,,,,,长宁区,5375,,,,,,,,,,,,,,,,,
,,,,,,,,,,,,,,,,,,长沙,4134,,,,,,,,,,,,,,,,,
,,,,,,,,,,,,,,,,,,长治,164,,,,,,,,,,,,,,,,,
,,,,,,,,,,,,,,,,,,浙江,421,,,,,,,,,,,,,,,,,
,,,,,,,,,,,,,,,,,,镇江,205,,,,,,,,,,,,,,,,,
,,,,,,,,,,,,,,,,,,郑州,1529,,,,,,,,,,,,,,,,,
,,,,,,,,,,,,,,,,,,中山,371,,,,,,,,,,,,,,,,,
,,,,,,,,,,,,,,,,,,中卫,361,,,,,,,,,,,,,,,,,
,,,,,,,,,,,,,,,,,,重庆,738,,,,,,,,,,,,,,,,,
,,,,,,,,,,,,,,,,,,珠海,11376,,,,,,,,,,,,,,,,,
,,,,,,,,,,,,,,,,,,株洲,331,,,,,,,,,,,,,,,,,
,,,,,,,,,,,,,,,,,,淄博,331,,,,,,,,,,,,,,,,,
,,,,,,,,,,,,,,,,,,遵义,296,,,,,,,,,,,,,,,,,
